signal_number,longitude,latitude
6001,-122.66178380349794,45.52294253009605
6002,-122.66072197776408,45.522937809109756
6003,-122.65666220712752,45.52292353789498
6004,-122.65362135958513,45.52291472404124
6005,-122.64550962826507,45.522885391722546
6006,-122.63727391955435,45.522879741764264
6007,-122.63170390126211,45.52287072146649
6008,-122.62301736763617,45.523541856118875
6009,-122.61501846561413,45.5229787679481
6013,-122.67238053001536,45.523140509689874
6014,-122.67338322594227,45.52312978004112
6015,-122.67440879746783,45.523104889362884
6016,-122.67541897725934,45.52308576882324
6017,-122.67648776583492,45.523068273334985
6018,-122.67742763359085,45.52304772283219
6019,-122.68213086387216,45.522944783279584
6020,-122.68530274417346,45.52290919618587
6021,-122.68722979934118,45.52288076136244
6022,-122.68923170842656,45.522971590492546
6023,-122.69023651269943,45.52301554641434
6024,-122.69430371509833,45.52322054771958
6025,-122.69820355237667,45.52343683864365
6026,-122.6865744469004,45.52289049034209
6027,-122.6811370271306,45.522982858291776
6028,-122.69228597590102,45.52312462165224
6029,-122.68316096111015,45.522936190971315
6030,-122.70002518934747,45.523709268774766
6031,-122.68409629147554,45.52289921042182
6032,-122.71001136600061,45.52335301396457
6033,-122.70136886509493,45.52399447189326
6035,-122.60753687821138,45.52288851408426
1001,-122.67501566693444,45.55901881667871
1002,-122.67498044578878,45.562684984286285
1004,-122.6748832040576,45.56993001736425
1005,-122.69292569765588,45.55626096899865
1006,-122.6982545946511,45.55610234804082
1007,-122.70418712717793,45.56204377080006
1008,-122.66675972636689,45.535099233973554
1009,-122.66775145386416,45.53510248213553
1011,-122.74196777250812,45.60053055850854
1012,-122.73039024021061,45.595293924651
1013,-122.68734027505313,45.569921479398914
1014,-122.72865683936028,45.59504217449158
1015,-122.69562922062255,45.56274525897775
1016,-122.69559405517242,45.56637852870486
1017,-122.69556382686314,45.569937622107595
1018,-122.68101145163703,45.547757789322894
1019,-122.69464510904228,45.56023303519717
1020,-122.67464855422391,45.53782284567383
1021,-122.67719957828967,45.54102029777954
1022,-122.67760940768858,45.544782317180825
1023,-122.70904616934695,45.56606053721721
1024,-122.69249735038568,45.56993850879303
1025,-122.68098450846672,45.552137170498725
1026,-122.68230849673645,45.55610131394868
1027,-122.6822772380595,45.55904584193466
1029,-122.68224828805285,45.562659772117655
1030,-122.68219791861654,45.56632623419218
1031,-122.68215957133368,45.56989918019182
1032,-122.68210185188174,45.577132496831354
1033,-122.68690387348812,45.58454238558947
1034,-122.69725279703952,45.57713487925747
1035,-122.66843134917681,45.577223680989434
1036,-122.67480355133968,45.577226831143896
1037,-122.6868800465735,45.57713502890573
1038,-122.69549461975532,45.57713278606759
1039,-122.7027734951277,45.57714176936643
1040,-122.7079732152834,45.57713260812442
1041,-122.71351591041795,45.57860367505498
1042,-122.71830862368135,45.58037154406824
1043,-122.72409981977296,45.58248482323853
1044,-122.72969352933414,45.58453305517957
1045,-122.73845932311427,45.58694460868355
1046,-122.74365885103046,45.588190461420766
1047,-122.74931756627892,45.58952987910211
1049,-122.75753924060996,45.59290693464809
1054,-122.6815191129603,45.592658750517515
1055,-122.66776230102121,45.53436423465296
1056,-122.66794282735901,45.54103338846843
1057,-122.66796526996976,45.548265214143235
1058,-122.66799674963225,45.552053588633036
1059,-122.66801506717921,45.55457739052507
1060,-122.66828928241128,45.55909647455038
1061,-122.66874362782409,45.56270675742226
1062,-122.66882032957632,45.566450365423975
1063,-122.66889172228521,45.56995263098647
1064,-122.66782533041477,45.582936339618485
1065,-122.72888317618434,45.5760433742157
1066,-122.66575664955434,45.53080786241647
1067,-122.6667553596563,45.53304157689496
1068,-122.66673969213942,45.53436980039638
1069,-122.66669328517185,45.5410295127289
1070,-122.66670016896185,45.54826711590507
1071,-122.66674738261656,45.55206067997123
1072,-122.66676564446797,45.55458448217385
1073,-122.66680959993315,45.55911065041664
1074,-122.6669357862811,45.56272163489889
1075,-122.70794924194342,45.584044329648805
1076,-122.66814742585149,45.543732021824
1077,-122.75667508017125,45.590734424294844
1079,-122.76655386592714,45.60685695900595
1080,-122.73268891493665,45.59282942786667
1081,-122.75105325334165,45.589003551522424
1082,-122.67548837840326,45.58408116813637
1083,-122.68267379754504,45.58468583078048
1084,-122.69328647634534,45.587318144799504
1085,-122.69722828830362,45.58880679646447
1086,-122.70542379920201,45.59104517269025
1087,-122.72108387802179,45.5941707243133
1090,-122.67980406379291,45.569899953683944
1091,-122.67769531986741,45.56991795592356
1092,-122.72647910751593,45.59486929819968
1093,-122.70112398973838,45.559602971794206
1094,-122.70305082122557,45.557826584706426
1095,-122.70434732374254,45.55661647064365
1096,-122.69108668187758,45.60906760721007
1097,-122.66579177637688,45.52865891827126
1098,-122.67040869203413,45.53394389515391
1099,-122.66878912659493,45.53436681144434
1130,-122.66778669028118,45.53306053925078
1101,-122.69395363354727,45.559074671082385
1104,-122.6821095836814,45.575302347488964
1106,-122.66654599380459,45.53039072526236
1112,-122.67443037140771,45.5364650619891
1113,-122.67479250206169,45.53913433342365
1114,-122.68101233557928,45.54960973867618
1115,-122.68224987178267,45.55467847254002
1116,-122.68226390975562,45.561948871978686
1123,-122.68274028994404,45.58265702849005
1124,-122.75586692430062,45.63613881001931
1125,-122.68305201702574,45.59481633815396
1601,-122.76130247467628,45.598095426409834
1602,-122.71134509560126,45.58405317604334
1606,-122.72167765364482,45.581596042199635
1607,-122.69891727914124,45.57713873615922
1608,-122.69243535046138,45.57712803882082
1612,-122.73832415271514,45.594212485504315
1704,-122.68110629486642,45.55611863939295
1705,-122.72276776553029,45.58199476270855
2001,-122.66571759799231,45.53510515768455
2002,-122.65861503855399,45.53507141505045
2003,-122.65048596346077,45.53504272649634
2004,-122.64949423776014,45.53503932982894
2005,-122.64483641551979,45.53502757740857
2006,-122.64117321514858,45.53509588198595
2007,-122.63671364839648,45.53516515929185
2008,-122.63067818331116,45.53516471882094
2009,-122.62501333167101,45.53515711000021
2010,-122.61992206152631,45.53514138707236
2011,-122.65658466724717,45.535062889406724
2012,-122.6586055694126,45.548271240268306
2013,-122.65041227465802,45.54824646137143
2014,-122.64420331255197,45.54823897636585
2015,-122.64112229594332,45.548236042253464
2016,-122.62059796652248,45.54832291431131
2017,-122.6045581860018,45.548247289893176
2018,-122.6372139947384,45.52647227189439
2019,-122.63169063673864,45.52646786398705
2020,-122.61501576258344,45.5264686940884
2021,-122.60887343031864,45.526507503673905
2024,-122.66071790300597,45.523651236211634
2025,-122.66067945151853,45.52653828347565
2027,-122.66068157423757,45.52864536844658
2028,-122.66067680148846,45.53005843817558
2029,-122.66065819917556,45.53151840952974
2030,-122.66064938221105,45.534363738172246
2031,-122.66064509724714,45.53507167933345
2032,-122.62033283774954,45.53380590252273
2033,-122.61500270018088,45.5337669343653
2034,-122.60217681416735,45.53371417216578
2036,-122.66478873459862,45.53009628685916
2037,-122.65864692245837,45.53005817386902
2038,-122.65658921631575,45.53004467787205
2039,-122.65257455098792,45.53010074167979
2041,-122.65045229550223,45.54208900917503
2042,-122.5442607614253,45.56796385827761
2043,-122.52114420940318,45.56191699895531
2044,-122.65863944937354,45.53150421663523
2045,-122.65660150796379,45.53149857949895
2046,-122.65052269108115,45.53147805284227
2047,-122.64947641518492,45.53147567791915
2048,-122.64486569610648,45.53146305130567
2049,-122.51027737654776,45.559561527645535
2050,-122.64952990716513,45.52443449233798
2051,-122.64546481490882,45.525934413389926
2052,-122.64141420798647,45.52751348055127
2053,-122.63716701734062,45.52916464767777
2054,-122.63065426297176,45.531719174982456
2055,-122.62492854508125,45.53403928300571
2056,-122.62196453673329,45.53526556831946
2057,-122.62094810197246,45.53568408636258
2058,-122.61992761041981,45.53612624096511
2059,-122.52116957962342,45.55434821480222
2060,-122.61498613704366,45.538351802342625
2061,-122.60998064163556,45.54012562508308
2062,-122.60457375829726,45.542244034369105
2063,-122.59941233691536,45.54425344176978
2064,-122.59432757775984,45.54623377742892
2065,-122.58891162323378,45.54834884693766
2066,-122.58378421386519,45.550356911346796
2067,-122.57868236605802,45.552432865458066
2068,-122.60499166175394,45.533720266552194
2069,-122.60885672704426,45.53372897488497
2070,-122.6617718361417,45.523653362233496
2071,-122.66170285990094,45.526557446895694
2072,-122.66170059884135,45.528650896996965
2073,-122.66169184565722,45.530061298349814
2074,-122.66168876892738,45.53151823458852
2075,-122.66166429432748,45.53436111544522
2076,-122.66165674758076,45.53508557998722
2077,-122.66164038656449,45.53793653579282
2079,-122.66160902997119,45.542239158340706
2080,-122.66162985202116,45.54463122103374
2081,-122.66160095232014,45.54828080317822
2082,-122.66156977898318,45.552075836421906
2083,-122.66155213337606,45.55550845206685
2084,-122.66151426938683,45.559128010784704
2085,-122.6614448619547,45.56273992812048
2086,-122.66141688123024,45.56641416564568
2087,-122.66139273451537,45.569984069314394
2088,-122.50022603071402,45.5576023824736
2089,-122.66136042750449,45.577236053361474
2090,-122.66123412168061,45.58109868756059
2091,-122.66573279119869,45.534377803865254
2092,-122.65859963514184,45.53435835617012
2093,-122.65352392830943,45.53434108694347
2094,-122.65049386055044,45.53432374597657
2095,-122.6494863352806,45.534315157294095
2096,-122.64484079390851,45.53431689529264
2097,-122.65660028984827,45.53434376189946
2098,-122.6535702607168,45.52794753075613
2099,-122.65393775610967,45.529197232777236
2100,-122.64972601118826,45.55909660160359
2101,-122.65009013250894,45.562727828028635
2102,-122.63069522974197,45.54206734192924
2103,-122.63070903325465,45.54825941637998
2104,-122.6306808010019,45.555204006640245
2105,-122.63067590608192,45.55902593418402
2106,-122.63067017752533,45.562721667603554
2107,-122.63066208011138,45.56635433826164
2109,-122.62041544772138,45.55556114538109
2110,-122.62044026008783,45.56280925438255
2111,-122.61993835067733,45.53651837847533
2112,-122.61908325244323,45.53379602629633
2114,-122.57903839535457,45.53241210158451
2115,-122.57897294500128,45.53723374500605
2116,-122.57883778807688,45.544523107931525
2117,-122.57875193339024,45.54814890898533
2118,-122.578632131369,45.555432483180006
2119,-122.65459064806493,45.530046498441095
2120,-122.65048698484523,45.533626990589724
2122,-122.66476510172014,45.53080733884482
2123,-122.64546920138237,45.527909751111025
2124,-122.65006932123875,45.57186718444495
2125,-122.65859549929827,45.555500896949496
2126,-122.65853012709842,45.55912096814047
2127,-122.65655635504434,45.53359831514247
2128,-122.6229835739135,45.53078014646257
2129,-122.630682935399,45.53778752974585
2130,-122.64482032938801,45.562705525336824
2131,-122.6613717884979,45.571792507292265
2132,-122.638156032824,45.57397688192553
2133,-122.65457958710881,45.531503580428
2134,-122.58676195206392,45.53359797156559
2135,-122.64992411306463,45.55546034612445
2136,-122.5777045822106,45.575962754915594
2137,-122.56856805011948,45.53346251338705
2138,-122.65350515441828,45.57696362664165
2139,-122.61278881563791,45.52651789094634
2141,-122.61500137157259,45.52933054521483
2142,-122.57889405854628,45.54264823426279
2143,-122.64397796028148,45.5765901498993
2144,-122.6141987538157,45.5706693045302
2145,-122.6615516437942,45.5545728829182
2147,-122.6616726306933,45.532939748670394
2148,-122.5373546599464,45.54805323806784
2149,-122.53716294419338,45.55359032480517
2150,-122.66066143670385,45.53293681501806
2151,-122.50902570355673,45.53368088931595
2152,-122.57903222303025,45.53405561473284
2153,-122.57903219608079,45.531709858451315
2155,-122.55805619193846,45.534131353888974
2156,-122.55805383026758,45.53352781324941
2157,-122.5609465734674,45.53353145542043
2158,-122.66577974703694,45.53008310174601
2159,-122.66372172558562,45.53006150853643
2160,-122.66271079120926,45.53006407608546
2161,-122.65966175821801,45.53005556856165
2162,-122.53355369034992,45.56555009898687
2163,-122.53626137970289,45.556978082662155
2164,-122.55473104108339,45.55885255889505
2165,-122.54745120900522,45.558200513926224
2166,-122.51032105623013,45.5524166957024
2167,-122.53762179375906,45.53722252725302
2168,-122.53765105098954,45.53357859093181
2169,-122.54907348735661,45.53347702041887
2170,-122.55134438437742,45.571906363892374
2171,-122.62294549343028,45.532893433191155
2172,-122.62287810541092,45.53380555768858
2173,-122.63066521702834,45.53367517374027
2174,-122.52723029096151,45.53352692913563
2175,-122.5941899028577,45.56271417509169
2176,-122.5577807172684,45.55539329098397
2177,-122.5490741287537,45.534143691704344
2180,-122.51060057601394,45.52646916609451
2181,-122.58046067818097,45.56515000326179
2183,-122.60056621840626,45.568784617314584
2187,-122.5002335936304,45.550504840450934
2188,-122.49598576248573,45.549522423845154
2189,-122.55777924133638,45.55912178455141
2190,-122.60084389484707,45.56710596974131
2191,-122.59321763017455,45.563779919357486
2192,-122.58888038701471,45.56267082818991
2193,-122.61893283853205,45.53656435684894
2194,-122.62293318471427,45.53486083146007
2195,-122.62298327028292,45.53515621647337
2197,-122.56387658866669,45.558395204359456
2199,-122.60083901250351,45.562754759047124
2201,-122.53766125854612,45.56735943815823
2202,-122.56138256360406,45.55976918961934
2204,-122.5377644588026,45.526297964194065
2205,-122.65254903254562,45.531486759005105
2206,-122.57066729615748,45.55569692018248
2208,-122.55776661821,45.54811218344093
2209,-122.57240787275029,45.581114645353644
2211,-122.57409452617156,45.57906594099632
2212,-122.55811936596083,45.529521045036695
2215,-122.57843232808352,45.56266535958857
2217,-122.5372469330792,45.55168757485129
2218,-122.56848171663079,45.5379497945704
2219,-122.53776966813292,45.5595028339184
2222,-122.53743831915048,45.545162820179144
2223,-122.56560605938766,45.561489042572084
2224,-122.66065345876582,45.533650312898466
2226,-122.6565416586063,45.52848443547355
2227,-122.63500769467134,45.5351666826919
2230,-122.65557343552847,45.535059910559426
2231,-122.65151290312053,45.53504819967357
2232,-122.65557398709406,45.53435478452902
2233,-122.65151730217048,45.53434025821677
2240,-122.53821669766607,45.55726991589982
2246,-122.54870510083501,45.5704307560399
2603,-122.65354316932448,45.53505407305029
2604,-122.63068954250792,45.55304462796613
2605,-122.62041520068468,45.55827181954628
2606,-122.60748275561382,45.555499879829696
2608,-122.62122521696624,45.52645026633855
2609,-122.62301138934797,45.5286012010677
2611,-122.55797355142391,45.54025095743216
2612,-122.65046341934041,45.54052767455492
2613,-122.62507377661152,45.52644775023055
2614,-122.64749364291,45.52518865629544
2615,-122.60461743977625,45.53939235883166
2616,-122.65038171666698,45.55187136175651
2617,-122.63067973559997,45.53645419078826
2618,-122.5912712109226,45.547425259473926
2619,-122.61194317396878,45.53946129799973
2622,-122.6370615470414,45.548243012657416
2701,-122.5379227329725,45.55821889793592
2702,-122.64604692950111,45.56271007568793
2703,-122.58674590366137,45.58758942615906
3001,-122.67146383699719,45.52529789535772
3002,-122.67247047113825,45.525287099408864
3003,-122.67347267927994,45.5252626603032
3004,-122.67448679908229,45.52524347441468
3005,-122.675500917088,45.52522427907922
3006,-122.67651513929827,45.52520781639911
3007,-122.67752925640568,45.525188603429555
3008,-122.68119577874683,45.52512180860368
3009,-122.68220989315928,45.5251025540672
3010,-122.68525602549049,45.52504192180728
3011,-122.68728477443995,45.52501704078602
3012,-122.68930888179432,45.52497300712893
3013,-122.69032299081688,45.52495368142404
3014,-122.69437952302684,45.5248790300285
3015,-122.67453750269186,45.52666922079567
3016,-122.67555554723367,45.52664995168472
3017,-122.67655366714247,45.52662007567593
3018,-122.67758393775532,45.526614275051145
3019,-122.68125055172464,45.52654747814206
3020,-122.68226469128992,45.526528223464204
3021,-122.68530721059706,45.52647314730828
3022,-122.68730807404349,45.52643233513335
3023,-122.68936385868969,45.526398672886316
3024,-122.69037799196678,45.5263793470418
3025,-122.6944346265847,45.52630469376213
3026,-122.69849125042282,45.52622989752225
3027,-122.67761127887933,45.52732711115786
3028,-122.67765868836673,45.529886053411076
3030,-122.68541288661045,45.53002968287543
3031,-122.68748841173509,45.52999842545606
3032,-122.68949350983972,45.52996298441743
3033,-122.69050770689718,45.529943656651014
3034,-122.69456849712158,45.52986892503367
3035,-122.69862147469799,45.529794198351446
3036,-122.69858733602223,45.54100827480389
3040,-122.73333608821679,45.55498423421242
3075,-122.77377647711833,45.587722575613
3042,-122.78574486190438,45.5987510849273
3043,-122.67750971804823,45.52447562001489
3044,-122.67143267354164,45.524585131717025
3045,-122.68632208588257,45.5264730485017
3046,-122.69883454789685,45.535496982661016
3047,-122.67977431608227,45.532831053664815
3048,-122.69888587314063,45.53692271454419
3049,-122.70688747998997,45.53677483715929
3050,-122.76872139650314,45.58316905654558
3051,-122.71091616712108,45.54658840197519
3052,-122.7189168945198,45.54927944926465
3053,-122.74599678572768,45.56749856595056
3055,-122.67139371001453,45.523872515129355
3056,-122.76259475600973,45.52979260495308
3057,-122.70261849801196,45.54387232045657
3058,-122.70485417388709,45.54795046317868
3059,-122.68676128480139,45.52358657313724
3060,-122.68557784334776,45.53624095953349
3062,-122.69843203886919,45.52480156844118
3063,-122.68861658613744,45.53795294441049
3064,-122.6986766896469,45.531219857708976
3065,-122.69547311408742,45.54215703903784
3066,-122.69405307435426,45.54127874174312
3067,-122.7309811025972,45.55786419329528
3068,-122.71111445315208,45.53854832960679
3070,-122.70290813821573,45.53684843391642
3072,-122.67028579172347,45.52531740723325
3073,-122.7595914571479,45.575265820154
3041,-122.76169347448855,45.57746657309837
3078,-122.68034609196398,45.53013415691353
3079,-122.68239400287678,45.530095284382895
3080,-122.68341210580907,45.530075945334524
3081,-122.68442261797722,45.53006222908636
3082,-122.68025978093317,45.52727689171317
3502,-122.6832788299569,45.52650895996902
3503,-122.6832241117763,45.52508603282132
3604,-122.69336541759756,45.52489839163255
4001,-122.65868973257155,45.51650372038104
4002,-122.65467763642545,45.51649946716752
4003,-122.65366683949132,45.51649921349795
4004,-122.64557162369779,45.5164695926922
4005,-122.63479563746705,45.5164480893043
4006,-122.62957036742807,45.51645726358898
4008,-122.6020100455281,45.51676999659118
4009,-122.64873941396962,45.473740894365164
4010,-122.64773513880448,45.47378986707643
4012,-122.65475520235697,45.50486489426481
4013,-122.65373660624957,45.50485930419622
4014,-122.64486630157099,45.504822245659916
4015,-122.63961788194712,45.50481037989698
4016,-122.62957806688836,45.504799406251855
4017,-122.61104780066721,45.505308807780736
4018,-122.60900761796083,45.50532159073375
4019,-122.60168530365458,45.50535976707109
4020,-122.5898170801244,45.50538973054819
4021,-122.64867512962957,45.50483885973845
4022,-122.60904519808243,45.49572095123731
4023,-122.59840263592591,45.49032987439604
4024,-122.59435372322616,45.48863963757201
4025,-122.58924417146713,45.48652684059342
4026,-122.56861991794565,45.479821722559365
4027,-122.54939333970003,45.47605111675509
4028,-122.66072605252222,45.52222438177217
4029,-122.66074245575932,45.5193734130878
4030,-122.66075765166066,45.51724232062799
4031,-122.6607668647822,45.51652777932548
4032,-122.66076721243024,45.51294729341253
4033,-122.6607801284074,45.512261134629966
4034,-122.66079517069683,45.51152829321739
4035,-122.66077079940315,45.51509277011999
4036,-122.6381590655364,45.51207802715081
4037,-122.65872254623227,45.51223396790512
4038,-122.65470654061802,45.51222156359283
4039,-122.65368781155998,45.51221597299578
4040,-122.64557771158046,45.512189386649204
4041,-122.63478733433887,45.512074882786116
4042,-122.62959304719404,45.51206702848337
4043,-122.62582314583166,45.5120600271556
4044,-122.62283747910222,45.5120493879307
4045,-122.61162204242439,45.51194004005003
4046,-122.65116526678366,45.49033313018085
4047,-122.64855497007886,45.49033013070254
4048,-122.63762061805005,45.49030894038779
4049,-122.63958639779301,45.49030251257134
4050,-122.56861707208283,45.49002797667855
4051,-122.58915480167278,45.49024881284993
4052,-122.6587184463213,45.51294739727884
4053,-122.65470239040143,45.512934992494294
4054,-122.65424314378039,45.49033579463443
4055,-122.64835207479214,45.486292235830156
4056,-122.64335867699594,45.48317271134657
4059,-122.63272260067579,45.49336041098014
4060,-122.65868984486097,45.51722530044184
4061,-122.65467348620884,45.51721289534132
4062,-122.65365867200877,45.51720997282818
4063,-122.64556611612679,45.51715012012811
4064,-122.59231052038382,45.49745097132078
4066,-122.574066898485,45.49741422337084
4067,-122.64465206774877,45.499355392925374
4068,-122.63963239692546,45.497945488683804
4069,-122.63151745233164,45.49679862977844
4070,-122.62261556019274,45.49734211455584
4071,-122.61888990714633,45.49755357719252
4072,-122.61136671247453,45.49751378613719
4073,-122.6090641749928,45.49749298702894
4074,-122.66586884104848,45.51154524147418
4075,-122.58913079599343,45.497445749500315
4077,-122.65775629315985,45.51936093985403
4078,-122.65466093045612,45.51935043733491
4079,-122.65364217804185,45.51934758794558
4080,-122.64553906695525,45.519326336167204
4081,-122.63733897644553,45.5193200356592
4082,-122.63094197000107,45.51931264688067
4083,-122.615021308782,45.51928306469178
4086,-122.65301181403733,45.46432956184376
4087,-122.64705779560552,45.46432585156002
4089,-122.66180020942996,45.51937546562906
4090,-122.66182467863997,45.515097637801276
4091,-122.66184877415083,45.511527676928516
4092,-122.62293818114388,45.51359493444027
4093,-122.62267107248404,45.47920008832682
4094,-122.61545921772007,45.47918229008563
4095,-122.6226260192776,45.503364208800534
4096,-122.62302269105257,45.51930011698548
4097,-122.6229697569261,45.516527288981855
4098,-122.6227276699402,45.508067664257275
4100,-122.62265311246657,45.4933357023451
4101,-122.62277770071164,45.49030167123073
4102,-122.62265150538052,45.48473165375755
4103,-122.60900789733688,45.49030296220995
4104,-122.60875598188346,45.484672159522006
4105,-122.60873894533408,45.479168729607146
4108,-122.57891613015282,45.51617505246637
4109,-122.57869191784441,45.504826124524186
4110,-122.57871721979274,45.49741520439111
4113,-122.57896291710775,45.48280927557951
4114,-122.57902421634613,45.47947467384305
4115,-122.57907987506283,45.475879527150376
4116,-122.57904599150861,45.46866441647017
4117,-122.57870805967177,45.50142925833956
4118,-122.5786858218769,45.51009667997461
4119,-122.65873054483156,45.511520465277755
4123,-122.56862594474289,45.47913022498572
4124,-122.56861608842759,45.48282329621706
4125,-122.56854478105866,45.468437091203775
4126,-122.6112970732771,45.508025901334314
4127,-122.58527061125007,45.50540363035256
4128,-122.61654469250205,45.462044617790305
4132,-122.63270491823775,45.49060336659335
4133,-122.58991493001503,45.49744520169085
4134,-122.56476362290748,45.47801999613919
4135,-122.56473655576964,45.47877771792473
4136,-122.5667398383791,45.47852767408691
4137,-122.56688697793106,45.479356338087186
4138,-122.64152960017796,45.47417467080176
4139,-122.48675642723924,45.49272233934115
4140,-122.48468797544918,45.49231294501228
4141,-122.59662566319103,45.497460076920234
4142,-122.60874393367887,45.47583511111768
4143,-122.61002128950385,45.46864523207757
4145,-122.55844413119057,45.518346178230864
4146,-122.55761260924106,45.5183391235531
4148,-122.55843477254193,45.519056929967604
4149,-122.55763854001007,45.51905473012942
4150,-122.5543356907302,45.5150314044415
4155,-122.58925325972285,45.48306148150713
4156,-122.58930639417358,45.47952124052055
4157,-122.55591455260559,45.47650519599307
4158,-122.56596621015476,45.50444662728989
4159,-122.56326380199731,45.50437996838534
4160,-122.54802517587791,45.50420272382695
4161,-122.53769760707748,45.504098316847866
4162,-122.54809947733172,45.51156513519463
4163,-122.5557751637179,45.48979216918716
4166,-122.55830345771201,45.522647867665505
4167,-122.5523968505643,45.52260811008153
4168,-122.54676348038328,45.52256867030896
4169,-122.54292989565378,45.52254361007776
4170,-122.53778038952582,45.52250061360067
4171,-122.54293905397812,45.51900151982551
4172,-122.54798076317029,45.48976956298779
4173,-122.56850278751408,45.49738836044635
4174,-122.5662938401119,45.49736501869657
4176,-122.56456394628444,45.49721230661845
4178,-122.54799198851805,45.49657343800511
4179,-122.55600571723387,45.49594739256213
4181,-122.53779242695065,45.519029810583035
4182,-122.5376643298861,45.51154492609048
4183,-122.53730616439576,45.48045842742845
4184,-122.65443859832159,45.50326392604187
4185,-122.53776119522317,45.521238884768934
4186,-122.53771271763885,45.48962024420627
4187,-122.58936326651423,45.468658177700355
4188,-122.56864793100948,45.50448067223865
4189,-122.58936019337764,45.475893187315876
4191,-122.51070866669883,45.51916126954725
4192,-122.53003937495723,45.5190737708433
4194,-122.52791474252932,45.522417255161045
4195,-122.52096578512314,45.52236683874057
4196,-122.51066791552427,45.52230880668086
4199,-122.49654405555333,45.51366882968974
4201,-122.51074336861825,45.510222239142855
4202,-122.52995934764182,45.50406248236723
4203,-122.5237406181537,45.504076186066605
4204,-122.51061306978292,45.50422714941487
4205,-122.49663807053602,45.504577904373086
4206,-122.48960765300157,45.50458740357052
4207,-122.48467600090643,45.50458766610796
4208,-122.53710723606939,45.47654137996783
4209,-122.526132548786,45.476848063480226
4210,-122.52357707626297,45.47692605404351
4211,-122.5210371643573,45.51910900788572
4212,-122.53767604301906,45.49708066163402
4213,-122.52356215973768,45.49786244081293
4214,-122.5106366316945,45.49805925688364
4215,-122.49666830243861,45.4947829754558
4219,-122.53212845655779,45.476684481048935
4220,-122.51390098187622,45.504194244501385
4221,-122.53796722383358,45.483231428701906
4222,-122.60873563773721,45.48202217755379
4223,-122.57906029268793,45.46447189756949
4225,-122.61125151342083,45.51656213924696
4226,-122.55984961821609,45.4772632316779
4227,-122.55397279650826,45.51902429367556
4228,-122.553955572211,45.518440222263465
4229,-122.57680474967196,45.4902423554285
4231,-122.49441939976921,45.47394919833235
4232,-122.60193408847925,45.514085392750694
4233,-122.6588900362187,45.50647735625844
4234,-122.49833690421421,45.47523639202698
4601,-122.65102324493388,45.464328432818746
4602,-122.62292128383339,45.515021933444224
4603,-122.62263783571682,45.49908665866116
4605,-122.62020329080408,45.51204590363287
4606,-122.60489995544151,45.50534754822835
4607,-122.56914871483093,45.51340750923927
4609,-122.58350479109944,45.48456517567377
4610,-122.65324943549793,45.495405531514535
4611,-122.64705459041657,45.46289919376181
4613,-122.56346820286043,45.48992306921227
4614,-122.56864138588433,45.47334093080049
4615,-122.59693643446525,45.48970916093171
4618,-122.64816780337792,45.477395198876735
4619,-122.64917572749974,45.47733792418794
4620,-122.63667189380376,45.50480759965524
4621,-122.64940057761198,45.51220373046126
4622,-122.57328054652295,45.48121372300214
4623,-122.65421678541333,45.49889928841099
4624,-122.57235311953542,45.490111516601225
4625,-122.5879701465952,45.468656392314635
4626,-122.58303053812159,45.475884739002154
4627,-122.65201955383907,45.50485307447049
4706,-122.65271752325528,45.500826015357575
4708,-122.60901559320394,45.4913508893715
5001,-122.67849655152384,45.49088794402577
5002,-122.68147300782665,45.47128253278944
5004,-122.68554435774725,45.47108437078472
5007,-122.69657718219915,45.47605120683151
5008,-122.70775859698225,45.481579364696294
5009,-122.73163629962944,45.487036025793564
5010,-122.67819217894939,45.522018073997174
5011,-122.67855294955399,45.52135000899723
5012,-122.67890580600097,45.52067934920506
5013,-122.67927467491785,45.520019358791835
5014,-122.67963542036966,45.51935129020045
5015,-122.67999626194121,45.51868596239116
5016,-122.6803570954279,45.518020633009044
5017,-122.6807218204164,45.51735522840952
5018,-122.68107863124727,45.51668722826888
5019,-122.68144333916777,45.51602182112016
5020,-122.68180403341557,45.51535374535137
5021,-122.68216071399073,45.51468300023819
5022,-122.6836077975055,45.512024312312725
5023,-122.68534985003035,45.50466279206079
5024,-122.68701469864472,45.48020940449187
5025,-122.69350225796477,45.47873299364786
5026,-122.72109304892253,45.45362125995692
5028,-122.67650859327478,45.51241144778837
5030,-122.67843672731917,45.512929125620744
5031,-122.6794617787202,45.51320051446589
5032,-122.68048304462064,45.51347470951363
5033,-122.68150432040254,45.51374889567159
5034,-122.68252560606588,45.514023072310486
5035,-122.68500582312429,45.51468654291374
5036,-122.68603093650908,45.51495787229706
5037,-122.68704035542754,45.515226748597456
5038,-122.67525276916886,45.51283855347904
5039,-122.67614385031999,45.51307684034369
5040,-122.677094063973,45.51333046179828
5041,-122.67807590371395,45.513594450365964
5042,-122.67910107009934,45.51386858369348
5043,-122.68012234677954,45.51414278178108
5044,-122.68114352823832,45.51441422960974
5045,-122.6846450650961,45.51535188716835
5046,-122.6856663947769,45.515626036484186
5047,-122.68668762923629,45.51589743435504
5048,-122.68770897868005,45.51617156464726
5049,-122.68878936450594,45.51645828015627
5050,-122.69274661041915,45.51807293533587
5051,-122.67085168633503,45.52082356927144
5052,-122.67153343217721,45.51946354607719
5053,-122.6726208536084,45.51748675234195
5054,-122.67295763200842,45.516802696506225
5055,-122.6736598270997,45.51546970730724
5056,-122.6705067440457,45.521499540714544
5057,-122.67702184930563,45.50951262795484
5059,-122.68086900937571,45.51051792477537
5060,-122.67479086712787,45.51348194987034
5061,-122.67580608197655,45.513733489055
5062,-122.67672911260905,45.513990372039125
5063,-122.67773394023811,45.51424295388519
5064,-122.67875584753565,45.514533614068675
5065,-122.67976554044027,45.51481077876429
5066,-122.68078283219387,45.51508230331341
5067,-122.6842803993964,45.51601730475663
5068,-122.68530173985698,45.51629145712526
5069,-122.68631908371286,45.51656293235683
5070,-122.68732442158499,45.516826396536764
5071,-122.6884120891546,45.51709925837549
5072,-122.67868689105781,45.50795557388201
5073,-122.68192612075092,45.5079681730354
5074,-122.67589837758376,45.511457232356136
5077,-122.67883949057007,45.51223831145964
5078,-122.67980276932056,45.51252733082504
5079,-122.68084383858144,45.51280937768736
5080,-122.68186510448186,45.51308356016239
5081,-122.68289017474751,45.5133549186769
5082,-122.6853861761038,45.51402356771176
5083,-122.68638777608602,45.51429259766235
5084,-122.68741267836671,45.51455843174292
5087,-122.68813042149895,45.5132332812926
5089,-122.69821858298799,45.5213047036011
5090,-122.67181360234127,45.52107427126449
5091,-122.67217454632072,45.52040896760539
5092,-122.6725353771125,45.51974092189311
5093,-122.67361802938785,45.51774225860499
5094,-122.67397893114652,45.517076948907274
5095,-122.67433971971745,45.516408896995195
5096,-122.67468100047365,45.515741211681615
5097,-122.6750852998437,45.515088795024994
5098,-122.6754181346396,45.51440480571933
5099,-122.67869206086225,45.50371648205439
5100,-122.67975826947635,45.50374289674598
5101,-122.67276393008032,45.52132792779798
5102,-122.6731209645917,45.52066269511423
5103,-122.67348178640029,45.51999464612039
5104,-122.67372682345359,45.51956474158603
5105,-122.67420361327382,45.51866402743267
5106,-122.6745683095162,45.51799590057667
5107,-122.67492530180677,45.5173306618578
5108,-122.67528998098118,45.516662532388054
5109,-122.67565085668869,45.51599721747775
5110,-122.67600771872351,45.515329233318866
5111,-122.67635729901463,45.51467510412472
5112,-122.72665680685553,45.4453781612072
5113,-122.6737694997178,45.521596993320365
5114,-122.67410681351373,45.520926643621166
5115,-122.67446762454253,45.52025859146723
5116,-122.67482853258942,45.519593279421784
5117,-122.67518932744855,45.51892522465412
5118,-122.6755502184274,45.51825991068981
5119,-122.67591858608439,45.51758622233209
5120,-122.67627187012943,45.516926536797676
5121,-122.6766405360271,45.51626107079209
5122,-122.67698073790667,45.51556596241663
5123,-122.67734664238313,45.514930726387554
5124,-122.71672444018621,45.48458655709233
5125,-122.67476727736849,45.521866197910605
5126,-122.67512808749899,45.521198143695216
5127,-122.67548899374921,45.52053283017158
5128,-122.67584978681172,45.519864773971065
5129,-122.67621067599397,45.51919945726888
5130,-122.67657155709138,45.51853414025287
5131,-122.6769397037628,45.51785496522214
5132,-122.67729318813215,45.51720075964065
5133,-122.67765783856049,45.51653262296345
5134,-122.67801868552192,45.51586730022258
5135,-122.6783915384671,45.51520997958862
5136,-122.68202901288525,45.505872785456184
5137,-122.6820316602204,45.50512919514802
5138,-122.72324782881137,45.485791204178916
5139,-122.67578857201501,45.522137692192004
5140,-122.67614578618942,45.52147793413955
5141,-122.67651026773449,45.520804318299085
5142,-122.6768711551201,45.52013900011846
5143,-122.67721274399848,45.51947953396759
5144,-122.67759279963562,45.518805618512154
5145,-122.67796146194,45.51814014892216
5147,-122.6786791556649,45.51680683387817
5148,-122.67903630336396,45.51614706556015
5149,-122.67940440511963,45.515467881860204
5150,-122.68318136005361,45.505905763677966
5151,-122.68319695390862,45.50519485150462
5152,-122.7348511759952,45.48705307085332
5153,-122.67716718504052,45.52175215808911
5154,-122.67753165580581,45.521078539237884
5155,-122.67789253330994,45.52041321800582
5156,-122.67827680294408,45.51974745146168
5157,-122.67861415806249,45.51907982968007
5158,-122.67897068861899,45.518403612011745
5159,-122.67933964826575,45.51774636317703
5160,-122.67970048265076,45.51708103527387
5161,-122.68006099364226,45.51640748135318
5162,-122.68042571144426,45.515742077820555
5163,-122.6843292812226,45.50592509592546
5164,-122.68435676967026,45.505219444759724
5165,-122.68426734418037,45.507155447263656
5167,-122.68108076833934,45.522026383849045
5168,-122.68139428127178,45.52134823157526
5169,-122.68175511565681,45.520682898426585
5170,-122.68211583595577,45.52001482197847
5171,-122.68248023665247,45.519341187361974
5172,-122.68283356112168,45.51868422328012
5173,-122.68319425536951,45.51801614324223
5174,-122.68355884201745,45.51734798792164
5176,-122.68210220132637,45.52230056358586
5177,-122.68241570347908,45.521622408952325
5178,-122.68277642198143,45.520954331071906
5179,-122.6831372375018,45.52028899326518
5180,-122.68349403845117,45.519620986411205
5181,-122.68385483690358,45.51895564605534
5182,-122.68422300423624,45.518279189598346
5183,-122.68457630265434,45.5176222200407
5184,-122.68559767275937,45.51789636962586
5185,-122.68415854292809,45.520560413334486
5186,-122.68524080174139,45.51856164131086
5187,-122.68584798921161,45.52176294212847
5188,-122.68681473186585,45.52203537721839
5189,-122.68486639381241,45.521509986816184
5190,-122.68521527701088,45.520839381800954
5191,-122.68622276994137,45.51882556002032
5192,-122.68621298998286,45.52110574512179
5193,-122.68729929840148,45.51911236334379
5195,-122.6901453292065,45.52216948644311
5196,-122.69148842374398,45.52001981889317
5197,-122.69219233551578,45.47076006478188
5198,-122.68379394370373,45.52122857016155
5200,-122.67435714613562,45.50718158144783
5201,-122.6815652971457,45.51147596844038
5202,-122.68258654238484,45.51175014482139
5203,-122.69022395604837,45.51378602512803
5204,-122.6883956436967,45.514849748724096
5205,-122.6854712869854,45.508021503943134
5206,-122.68332754918801,45.51041909510435
5207,-122.6843290755084,45.510688143544584
5208,-122.71286362482552,45.467145046157505
5209,-122.68805874582074,45.515525625127815
5210,-122.68452292296355,45.51988677203238
5211,-122.68556025074125,45.52016884998683
5212,-122.68658177715311,45.52044573201631
5213,-122.71799512961348,45.467443852236784
5214,-122.68488371063616,45.519221428525114
5215,-122.68593283419186,45.51950602245725
5216,-122.68692673381547,45.51977519551082
5218,-122.68396844144767,45.511356228746266
5219,-122.69873574758864,45.50996608620667
5220,-122.68718320103245,45.521367136821695
5221,-122.72315449924328,45.46745653983495
5224,-122.68124221535882,45.5098715602732
5225,-122.67145665406818,45.52174224135305
5226,-122.68366457821799,45.50974597325291
5227,-122.68507445441202,45.509370716352954
5228,-122.70896932655924,45.4665725295293
5230,-122.67331031597885,45.516126569809934
5231,-122.67121970724233,45.520138930253694
5232,-122.67514353313199,45.485025119693084
5234,-122.68743516679156,45.50288359727139
5235,-122.70774767077343,45.476078391016486
5240,-122.72178521701862,45.452578949714784
5242,-122.67150037327642,45.47298064241593
5245,-122.68249034090276,45.46324879670681
5246,-122.73638958583501,45.5083968938582
5247,-122.73579984544426,45.509077845014986
5248,-122.68312754467989,45.52257466079577
5249,-122.68343703046493,45.52189383517697
5250,-122.67337153526715,45.5069176345701
5251,-122.74268928317466,45.443117832797945
5252,-122.73982029592254,45.497826999679745
5253,-122.72626284170454,45.45472834485492
5254,-122.68445847153684,45.52216799478986
5255,-122.68194524767995,45.51080203707971
5256,-122.68294719620852,45.51108206429559
5257,-122.68816533272583,45.521633780242595
5258,-122.68914736740118,45.52189767384244
5259,-122.68754017266174,45.520704600976636
5260,-122.68852218847245,45.520968500193554
5261,-122.6895081137513,45.52123231635064
5262,-122.69051365464264,45.52149849402727
5263,-122.69198864252512,45.51936595759767
5264,-122.69236008691196,45.518675692005196
5266,-122.72417993422492,45.44931960987605
5268,-122.69087048254153,45.520833206084454
5273,-122.72315501667285,45.47624202370979
5278,-122.68324335189305,45.512695210606736
5279,-122.6822257753735,45.51241548224537
5280,-122.68120451935454,45.51214130281056
5603,-122.70251915871458,45.4800364979136
5606,-122.67026059397976,45.522513859024095
5609,-122.69517586964474,45.463500761931414
5610,-122.6817392936297,45.50229228590753
5269,-122.7379329013746,45.50715417996442
5412,-122.68265527518221,45.50947999745892
5238,-122.71659057144593,45.455330505574636
5005,-122.69740199193684,45.46587520550033
5006,-122.70213312748415,45.46308899290582
5229,-122.67339359968716,45.48112261044117
5233,-122.67209532389585,45.47724956302607
5243,-122.67168367091688,45.471288027287756
5241,-122.66860300914277,45.46428684032778
5244,-122.67368808630191,45.49000144849522
5086,-122.67300799874975,45.492932543520375
2210,-122.66708100882826,45.52933092405914
1111,-122.66963894093853,45.53104882003871
1010,-122.67125601355283,45.53346764251111
1120,-122.68475870736941,45.583378747470256
1117,-122.68214371247568,45.5717362391822
1052,-122.67108323698098,45.53213662950864
2178,-122.66070654021594,45.52507661889979
4099,-122.62265707313864,45.5047947397763
4112,-122.578824858625,45.49026709753776
4076,-122.57888363539405,45.486593113161874
4230,-122.57876703047691,45.49209122461253
2146,-122.57855502896818,45.56028971673806
2184,-122.55816461140675,45.526277337461785
2237,-122.56366059414653,45.57460193228277
2236,-122.56338066922251,45.574958342820004
2235,-122.5620306971832,45.57620096991838
5267,-122.68643472653436,45.469096995952604
5194,-122.68448956043223,45.46730541554374
5088,-122.6849107014172,45.463108950370525
5003,-122.68839344192594,45.47082713894215
5237,-122.71874119033842,45.45450501144936
4065,-122.65422706393683,45.501158845950215
4129,-122.65650002887942,45.49258106047289
1609,-122.68473646418468,45.577129295740896
1088,-122.66672936959849,45.52977887479113
4701,-122.62280743404921,45.510658677689165
6010,-122.60232990415975,45.52287964169258
6011,-122.59374487027942,45.52313516122962
6012,-122.57906845567892,45.522787081611774
6702,-122.58794349986891,45.52309531210063
2022,-122.60227248115186,45.526494016265076
2023,-122.59448873013191,45.526477022163114
2113,-122.57905346279684,45.526428085816995
2121,-122.58681800154778,45.52645470445566
2140,-122.57906440787026,45.52459517571254
2154,-122.60417340971783,45.526494891049325
2186,-122.56617132607683,45.5263267962938
2203,-122.56432526840503,45.52633531822714
2213,-122.56205436779096,45.526306381031446
4084,-122.6023872193698,45.519262521618266
4085,-122.58526292346784,45.51918498872589
4088,-122.59191558684893,45.522109450830776
4106,-122.57903653943517,45.518397923208056
4107,-122.579059643206,45.519135529909256
4120,-122.58526532735956,45.51840027791212
4121,-122.56913674388143,45.51832696354741
4122,-122.56911331761548,45.519076382324116
4144,-122.56232264785393,45.518326011845446
4147,-122.56231423333467,45.519061440422405
4151,-122.5646328291004,45.51907192851871
4152,-122.56607619179329,45.51905421463084
4153,-122.56466041546447,45.518327924690865
4154,-122.5661236578746,45.51832082657992
4164,-122.56359710840876,45.522681869506755
4165,-122.56226196935144,45.522672916521344
5413,-122.68468986407932,45.51001616938809
5272,-122.6952534436611,45.478383308480105
5222,-122.69713076180648,45.47804930900862
4616,-122.60540197444648,45.493969813747356
5223,-122.6820759184178,45.45373906874713
4177,-122.56315652698271,45.49683698253663
4628,-122.5377185575865,45.513193768852055
4702,-122.53771805542826,45.512638506880535
4224,-122.63745728277185,45.464305188885156
3029,-122.68136995938548,45.53010912144871
5411,-122.68228254979778,45.51013202588046
1078,-122.75547566936686,45.589502935776096
1028,-122.70423822874118,45.61367334418692
2705,-122.60587007037137,45.54173177853294
1119,-122.68205387106579,45.57954394445351
1118,-122.68207738626501,45.580694378154654
5281,-122.67382779498983,45.505038393248945
2610,-122.60782233046932,45.54095120134056
5282,-122.67289285988318,45.49646617514532
5283,-122.67285057887769,45.49789262992106
2078,-122.66161661444714,45.5409218369012
2936,-122.65864626578991,45.529328808950105
1107,-122.76288010496141,45.612591087359185
4243,-122.56852182012001,45.49567032388235
3083,-122.67648915373205,45.523811135109455
3084,-122.6765181971635,45.524508457058566
3085,-122.67656025628509,45.525908194140825
3086,-122.67660849042598,45.52735546569681
3087,-122.67659689497229,45.528074299933145
3088,-122.67547906646702,45.52381127545921
3089,-122.67548884193394,45.524520530764285
3090,-122.67550463162168,45.52595440146051
3091,-122.67554832747373,45.52737857096965
3092,-122.67557760985706,45.52808592731263
3093,-122.673497410798,45.52676298344786
3094,-122.67359089218144,45.527386562217494
5285,-122.67552375585578,45.52259337177963
5284,-122.68304910917918,45.50881310310779
3097,-122.6702834417307,45.523905203364386
3096,-122.67028634328906,45.52460991600753
5239,-122.7077501537169,45.45985046044344
4236,-122.61237736298327,45.51203112479405
4235,-122.62764945044867,45.51206413088308
2214,-122.5580973473549,45.531285311204314
2706,-122.57373519197309,45.55444813478503
2242,-122.6434536405996,45.526694637282965
5415,-122.67179023805903,45.499301761022465
5076,-122.67779383091808,45.511989377401946
5075,-122.67693289632957,45.51172882155747
5027,-122.67547877541288,45.51213288196544
5236,-122.67585161218838,45.50995547050792
5058,-122.67808057764836,45.50981140640811
5199,-122.67595200341296,45.5073957387689
3074,-122.78436946125431,45.59672384885756
3701,-122.76099103146224,45.54479057900106
5416,-122.67197716489325,45.493972678904726
2196,-122.57634257993303,45.533780640271075
2607,-122.59422917540532,45.55545195629491
2238,-122.5726379977699,45.56270683100774
2239,-122.57126408652657,45.56271465182505
2244,-122.5754529055436,45.564213365105786
2707,-122.57959523584638,45.5839733685756
2026,-122.48099142512301,45.55320087851691
4190,-122.54089727496546,45.5041241999852
2245,-122.57482259903124,45.57460772544187
5265,-122.69431123759051,45.51836160876192
4604,-122.61423688550285,45.49754301456351
2241,-122.53615704217927,45.561922410395596
3076,-122.67532008442467,45.52992774473338
4058,-122.56421042238922,45.514041154769274
4057,-122.51287553521647,45.47727899597564
5146,-122.67831174561198,45.51747228272906
5810,-122.67682874116394,45.522413425342386
5217,-122.73560006461666,45.51043988251282
2253,-122.61695354094068,45.533805957897556
2256,-122.65970194974214,45.52364431877298
2257,-122.65868932473644,45.52364393422602
6036,-122.65971271964409,45.522931733695145
6037,-122.6586942322328,45.522925573313444
2258,-122.65766921856104,45.52364044498175
6038,-122.65768793585828,45.52292182660769
2259,-122.65666082372198,45.523630256689316
2260,-122.65563887689858,45.523626785696
6039,-122.65565339008032,45.52291795276676
2261,-122.65463223197773,45.52362625261684
6040,-122.65463259040553,45.52290797896247
2262,-122.65361178803576,45.523625970028256
6042,-122.65259059310225,45.52291389703436
6043,-122.65160177614653,45.522909768922815
2263,-122.65159169076084,45.52361528201077
6044,-122.66240414320222,45.52295287963452
2255,-122.66070514333568,45.52436443398872
2250,-122.6617545786068,45.52436410860701
2252,-122.58493715571826,45.57235752327445
2265,-122.6008826993724,45.55547434678335
4245,-122.66343119335475,45.50668361839452
4246,-122.66207021425829,45.50657201128656
4248,-122.6577967990943,45.50487326646027
4247,-122.65716855241891,45.50538321316432
4259,-122.64828683374633,45.49744952938559
4258,-122.64835616841492,45.494000069801984
4262,-122.64835751319288,45.49275065401392
4260,-122.64849543782664,45.48756993205135
4261,-122.62983593098559,45.4625572419407
4257,-122.57425198646781,45.5046429960048
3071,-122.68142494706065,45.53153382134524
2247,-122.66369268844238,45.5343601407321
2249,-122.66169570841295,45.52728328132468
4250,-122.66180936146607,45.517235788250936
4251,-122.66182868512614,45.51653457489596
4252,-122.66183629655154,45.51225533252469
4253,-122.66185032015144,45.510106436975306
4254,-122.66188825959915,45.508677385050284
4255,-122.66080392657591,45.50939235527653
4256,-122.66080990935569,45.51009906146605
2251,-122.66071781137781,45.52727755188282
2248,-122.6636874710272,45.53510036535581
5286,-122.68305639900771,45.50805173985657
5287,-122.67990584920281,45.50795496762673
5288,-122.6775093227895,45.5079423256611
5289,-122.67219942246757,45.50247870737757
5290,-122.67054633100365,45.503020168559765
1126,-122.75149499718765,45.58835784126572
2264,-122.57861205851398,45.564844167978514
1128,-122.66667437833006,45.54678884436559
4612,-122.53769265197035,45.494461182329225
3100,-122.67747821502954,45.52376309644577
3101,-122.68115331448503,45.523695647268056
3102,-122.68215102386375,45.52367258831482
1127,-122.66797405549323,45.546772344588526
3037,-122.6987823773384,45.534071424801624
2267,-122.63325371701112,45.535165057983555
4180,-122.65375461387775,45.50350654982127
4631,-122.57057193280353,45.48036012319788
4263,-122.66005342458018,45.4643382122412
1131,-122.68671834443249,45.59088678133003
4629,-122.55263442800747,45.51894201647399
6602,-122.60886922799973,45.52288822079249
5417,-122.70389538671299,45.47607997207792
4630,-122.50173433082213,45.504445253529354
4265,-122.63760322217459,45.49777643214716
4267,-122.63484187195809,45.51931830349142
1102,-122.66934923066614,45.53464293079202
3069,-122.6842372658897,45.52506642835002
3061,-122.68429181159377,45.52649141771541
4633,-122.53767810375432,45.5008778960733
2269,-122.5211627434441,45.559416501817154
4268,-122.53477660467541,45.50408587800382
1613,-122.73608478925574,45.59675749790931
NA,-122.67723791658936,45.61189554047772
NA,-122.68414115513747,45.605658287757684
NA,-122.68084166915003,45.611824296025645
NA,-122.67990051500665,45.6133230584617
NA,-122.73109626122672,45.44579916721799
NA,-122.73863433379623,45.44361577486421
4270,-122.58084321047336,45.50519951291037
4271,-122.5754700498908,45.5046041530794
4272,-122.57176320756643,45.504533888717816
5802,-122.67396205090401,45.514867096953814
4269,-122.6617835250202,45.52222787299247
2268,-122.58831601325095,45.566610809885944
4709,-122.48471588610504,45.508660678932586
5418,-122.67185502455733,45.49787311609143
5419,-122.67081971259914,45.49785382452556
1121,-122.68667451562978,45.584043886417426
4275,-122.50700888423427,45.504271694794944
4277,-122.49859434520496,45.504509176171254
4278,-122.4915641082319,45.50458126447515
4279,-122.48734640298859,45.504598344518506
2270,-122.53197408017789,45.567771309633265
1105,-122.66678480014312,45.53052974321558
4280,-122.55959242965194,45.504314392924925
4282,-122.54283275992381,45.504157157195664
4283,-122.52476479369734,45.50406534323352
1133,-122.69230113407309,45.55522938381259
2272,-122.65850456553699,45.527596095125
4281,-122.54488809092081,45.50417579686419
4284,-122.51728005680118,45.50412837354633
4276,-122.50469980881388,45.50433648017087
4273,-122.55639110437222,45.504273774959415
2958,-122.55236849075077,45.52629125476414
2959,-122.50409938655608,45.52645714818906
2960,-122.5036816133551,45.533670946995215
4264,-122.64506286732819,45.46432940685485
6603,-122.6345042006327,45.52287466580144
4632,-122.636132271321,45.512076107168376
2624,-122.63913465120632,45.53516983960963
6601,-122.62002279411071,45.52305422935932
